record_id,filename,received_ts
esc_0001,esc_0001.pdf,2026-05-06 11:09:25
esc_0002,esc_0002.pdf,2026-05-07 16:40:15
esc_0003,esc_0003.pdf,2026-05-09 02:18:50
esc_0004,esc_0004.pdf,2026-05-09 16:40:14
esc_0005,esc_0005.pdf,2026-05-10 07:26:28
esc_0006,esc_0006.pdf,2026-05-11 09:44:37
esc_0007,esc_0007.pdf,2026-05-15 06:38:36
esc_0008,esc_0008.pdf,2026-05-15 21:28:57
esc_0009,esc_0009.pdf,2026-05-16 03:21:23
esc_0010,esc_0010.pdf,2026-05-16 21:31:49
esc_0011,esc_0011.pdf,2026-06-04 05:49:46
esc_0012,esc_0012.pdf,2026-05-28 20:32:04
esc_0013,esc_0013.pdf,2026-06-02 08:04:32
esc_0014,esc_0014.pdf,2026-06-02 19:36:54
esc_0015,esc_0015.pdf,2026-06-04 09:10:08
esc_0016,esc_0016.pdf,2026-06-04 21:56:19
esc_0017,esc_0017.pdf,2026-06-05 08:50:09
esc_0018,esc_0018.pdf,2026-06-06 01:10:37
esc_0019,esc_0019.pdf,2026-06-23 22:59:12
esc_0020,esc_0020.pdf,2026-06-14 09:33:17
esc_0021,esc_0021.pdf,2026-06-16 17:38:32
esc_0022,esc_0022.pdf,2026-06-18 20:05:48
esc_0023,esc_0023.pdf,2026-06-19 08:49:04
esc_0024,esc_0024.pdf,2026-06-22 11:46:06
esc_0025,esc_0025.pdf,2026-06-23 04:24:50
esc_0026,esc_0026.pdf,2026-06-23 21:39:47
esc_0027,esc_0027.pdf,2026-06-25 19:49:32
esc_0028,esc_0028.pdf,2026-06-27 00:18:49
esc_0029,esc_0029.pdf,2026-06-28 13:10:22
esc_0030,esc_0030.pdf,2026-06-29 20:32:44
esc_0031,esc_0031.pdf,2026-07-13 12:18:01
esc_0032,esc_0032.pdf,2026-07-03 23:33:40
esc_0033,esc_0033.pdf,2026-07-08 06:15:14
esc_0034,esc_0034.pdf,2026-07-08 23:20:23
esc_0035,esc_0035.pdf,2026-07-09 10:50:01
esc_0036,esc_0036.pdf,2026-07-11 02:03:56
esc_0037,esc_0037.pdf,2026-07-11 10:07:54
esc_0038,esc_0038.pdf,2026-07-13 10:15:16
